{"accuracy": 0.825, "precision": 0.8246130952380952, "recall": 0.825, "f1_score": 0.8232717431877565, "confusion_matrix": [[22, 0, 0, 1], [1, 14, 0, 0], [0, 0, 14, 4], [1, 1, 6, 16]]}