{"accuracy": 0.5125, "precision": 0.5018543956043956, "recall": 0.5125, "f1_score": 0.4926404345521993, "confusion_matrix": [[14, 4, 3, 2], [3, 12, 0, 0], [3, 1, 9, 5], [8, 4, 6, 6]]}