{"accuracy": 0.8375, "precision": 0.8418129297173416, "recall": 0.8375, "f1_score": 0.8362055324920277}