{"accuracy": 0.85, "precision": 0.8669384057971014, "recall": 0.85, "f1_score": 0.8490675483053532, "confusion_matrix": [[21, 1, 1, 0], [0, 15, 0, 0], [0, 0, 16, 2], [0, 2, 6, 16]]}