{"accuracy": 0.7125, "precision": 0.7369017857142858, "recall": 0.7125, "f1_score": 0.7020849458204335, "confusion_matrix": [[21, 2, 0, 0], [0, 14, 0, 1], [2, 3, 11, 2], [2, 6, 5, 11]]}