{"accuracy": 0.8625, "precision": 0.864970238095238, "recall": 0.8625, "f1_score": 0.8605825026037792, "confusion_matrix": [[22, 0, 0, 1], [1, 14, 0, 0], [0, 0, 16, 2], [1, 1, 5, 17]]}