{"accuracy": 0.7875, "precision": 0.7892897727272727, "recall": 0.7875, "f1_score": 0.7872877143771069}