{"accuracy": 0.8125, "precision": 0.8233016304347827, "recall": 0.8125, "f1_score": 0.8107746993368551}