{"accuracy": 0.8125, "precision": 0.8165625000000001, "recall": 0.8125, "f1_score": 0.8115751184299571}